{"cameraMode":{"drawMode":0,"name":"Shaded","section":"Shading Mode"},"sceneLighting":true,"audioPlay":false,"sceneViewState":{"m_AlwaysRefresh":true,"showFog":true,"showSkybox":true,"showFlares":true,"showImageEffects":true,"showParticleSystems":true,"showVisualEffectGraphs":true,"m_FxEnabled":true},"in2DMode":false,"pivot":{"x":5.723552703857422,"y":2.6299591064453127,"z":-4.883530139923096},"rotation":{"x":0.09346891939640045,"y":-0.22062405943870545,"z":0.021245431154966356,"w":0.9706413745880127},"size":2.982367992401123,"orthographic":false}